category,topic,short_description,detailed_content
Основи Specialty Coffee,Що таке Specialty Coffee,Вищий стандарт якості кави в індустрії.,"Specialty Coffee — це не просто маркетинговий термін. Це філософія прозорості та якості. Це зерно, яке пройшло суворий контроль на кожному етапі: від вибору правильного сорту дерева та аналізу ґрунту до ідеальної екстракції в чашці. Споживач знає країну, регіон, ферму, висоту зростання та метод обробки."
Основи Specialty Coffee,Роль SCA,Specialty Coffee Association — головна регулююча організація.,"SCA встановлює стандарти для всієї індустрії. Вони розробили 'Колесо смаків' (Flavor Wheel) та протоколи капінгу (професійної дегустації). SCA об'єднує фермерів, імпортерів, обсмажчиків та бариста заради сталості, екологічності та справедливості кавового ланцюжка."
Основи Specialty Coffee,Оцінювання та Q-Грейдинг,Система 100 балів та роль Q-грейдерів.,"Щоб кава отримала статус 'спешелті', вона має набрати від 80 до 100 балів під час капінгу. Оцінюють її сертифіковані Q-грейдери. Вони аналізують аромат, смак, післясмак, кислотність, тіло, баланс та чистоту. У 350 грамах зеленого зерна не має бути жодного первинного дефекту (наприклад, повністю чорного зерна)."
Ботаніка та Тераруар,Тераруар (Умови вирощування),"Вплив висоти, ґрунту та клімату на смак.","Спешелті росте переважно на висоті 1000–2500+ метрів. Високогір'я означає прохолодніші ночі: ягода дозріває повільніше, накопичуючи більше цукрів та складних органічних кислот. Важливий і ґрунт: вулканічні землі Колумбії чи червоні ґрунти Кенії дають зерну мінерали, що формують унікальний профіль."
Ботаніка та Тераруар,Генетика та Різновиди (Varieties),Різновиди арабіки та їхній вплив на чашку.,"Як і у вині, сорт має критичне значення. Базові сорти — Typica та Bourbon, від яких пішли інші. Caturra дає хорошу кислотність, SL28/SL34 (Кенія) — томатні та чорносмородинові ноти. Елітні сорти, такі як Geisha (Гейша) або Wush Wush, мають складний квітково-чайний профіль і коштують найдорожче."
Агрономія та Збір,Пікінг (Збір врожаю),Ручний вибірковий збір ідеально стиглих ягід.,"Для спешелті використовують виключно Selective Picking. Пікери проходять плантацією по кілька разів за сезон, зриваючи лише бордові або червоні стиглі ягоди. Фермери використовують рефрактометри для вимірювання рівня цукру (Brix) у ягоді, щоб почати збір в ідеальний момент."
Базові обробки,Натуральна обробка (Natural / Dry),Сушіння цілої ягоди під сонцем.,"Стиглі ягоди розкладають тонким шаром на бетонних патіо або 'африканських ліжках' (піднятих сітках). Ягода сохне цілком 2-4 тижні. Цукри з м'якоті ферментуються та переходять у зерно. Результат: щільне тіло, інтенсивна солодкість, яскраві полуничні, чорничні або шоколадні ноти."
Базові обробки,Мита обробка (Washed),Видалення м'якоті та ферментація у воді.,"Шкірку знімають депульпатором. Зерно в клейковині поміщають у резервуари з водою на 12-72 години. Бактерії руйнують клейковину, потім зерно промивають у каналах і сушать. Результат: чиста, прозора чашка, висока іскриста кислотність, квіткові (жасмин) або цитрусові ноти."
Базові обробки,Хані / Напівмита (Honey),Сушіння зерна із залишками клейковини.,"Шкірку знімають, але зерно сушать разом із липкою м'якоттю (мусіляжем). Чим більше м'якоті залишили і чим довше сушать у тіні, тим темніший колір: Yellow, Red, Black Honey. Результат: ідеальний компроміс — баланс між чистотою митої та сиропною солодкістю натуральної кави."
Експериментальні обробки,Анаеробна ферментація (Anaerobic),Ферментація без доступу кисню.,"Ягоди або депульповане зерно поміщають у герметичні пластикові чи сталеві бочки з гідрозатворами. Без кисню домінують лактобактерії та дріжджі, що продукують молочну кислоту. Це створює дуже незвичні профілі: від тропічних фруктів (манго, маракуя) до спецій (кориця) та винних нот."
Експериментальні обробки,Вуглекислотна мацерація (Carbonic Maceration),Винна технологія з використанням CO2.,"Цілі ягоди поміщають у танки, звідки кисень витісняється шляхом закачування вуглекислого газу (CO2). Ферментація відбувається всередині самої непошкодженої ягоди (інтрацелюлярно) під тиском. Уповільнений розпад цукрів дає яскраві алкогольні ноти, аромати жувальної гумки (bubblegum) та червоних ягід."
Експериментальні обробки,Термальний шок (Thermal Shock),Різкий перепад температур для фіксації смаку.,"Після певної ферментації зерно піддають перепадам температур. Спочатку промивають гарячою водою (40-50°C), розширюючи пори зерна для глибокого проникнення ефірів від ферментації. Потім різко промивають холодною водою (10-12°C), що 'запечатує' ці унікальні аромати всередині клітинної структури зерна."
Авторські профілі,Black Diamond / Perla Negra,Екстремальні різновиди натуральної обробки.,"Ягоди залишають сохнути дуже товстим шаром (часто в тіні), постійно контролюючи, щоб вони не запліснявіли. Іноді їх накривають на ніч. Це стимулює довгу внутрішню ферментацію, під час якої зерно чорніє і стає липким. Результат: екстремально солодкий, ромово-лікерний, шоколадний і важкий профіль."
Мілінг та Підготовка,Відпочинок (Reposo),Стабілізація зерна після сушіння.,"Після сушіння до 10-12% вологості, зерно в пергаментній оболонці (парчменті) упаковують у мішки і залишають на складі ферми (Dry Mill) відпочивати від 1 до 3 місяців. За цей час волога всередині зерна рівномірно розподіляється, а активні хімічні процеси заспокоюються."
Мілінг та Підготовка,Халлінг та Сортування (Hulling & Sorting),Очищення зерна від оболонки та калібрування.,"Перед експортом машини (халлери) злущують пергаментну оболонку — кава стає 'зеленою'. Потім її пропускають через сита для сортування за розміром (скріном). Далі колорсертери (лазерні машини) відстрілюють дефектні зерна, а денсиметричні столи відсівають порожні або занадто легкі зерна."
Пакування та Логістика,Пакування (GrainPro) та Експорт,Захист зерна під час трансокеанських перевезень.,"Спешелті каву не возять просто в джуті — вона швидко зіпсується від вологи океану. Використовуються герметичні багатошарові пакети (GrainPro або Ecotact), які зберігають мікроклімат та захищають від сторонніх запахів. Ці пакети кладуть у джут для фізичного захисту, вантажать у морські контейнери і відправляють ростерам."
